sensor_id,moy_co2,moy_pm25,window_start,window_end
sensor_01,830.0,39.26,1766421747000,1766421748000
sensor_01,811.0,11.17,1766421748000,1766421749000
sensor_01,824.0,7.06,1766421749000,1766421750000
sensor_01,503.0,40.04,1766421750000,1766421751000
sensor_01,855.0,10.23,1766421752000,1766421753000
sensor_01,378.0,11.76,1766421753000,1766421754000
sensor_01,665.0,42.54,1766421754000,1766421755000
sensor_01,645.0,31.8,1766421756000,1766421757000
sensor_01,878.0,11.5,1766421757000,1766421758000
sensor_01,609.0,19.58,1766421758000,1766421759000
sensor_01,712.0,8.21,1766421759000,1766421760000
sensor_01,675.0,30.51,1766421761000,1766421762000
sensor_01,504.0,17.63,1766421762000,1766421763000
sensor_01,712.0,7.82,1766421763000,1766421764000
sensor_01,776.0,27.89,1766421764000,1766421765000
sensor_01,526.0,37.44,1766421765000,1766421766000
sensor_01,687.0,10.2,1766421767000,1766421768000
sensor_01,768.0,38.35,1766421768000,1766421769000
sensor_01,864.0,20.06,1766421769000,1766421770000
sensor_01,838.0,37.99,1766421770000,1766421771000
sensor_01,473.0,23.91,1766421772000,1766421773000
sensor_01,763.0,38.18,1766421773000,1766421774000
sensor_01,554.0,24.6,1766421774000,1766421775000
sensor_01,675.0,23.96,1766421775000,1766421776000
sensor_01,799.0,24.69,1766421776000,1766421777000
sensor_01,473.0,29.33,1766421778000,1766421779000
sensor_01,772.0,12.69,1766421779000,1766421780000
sensor_01,859.0,15.18,1766421780000,1766421781000
sensor_01,420.0,40.0,1766421781000,1766421782000
sensor_01,364.0,11.02,1766421782000,1766421783000
sensor_01,890.0,44.39,1766421784000,1766421785000
sensor_01,806.0,26.47,1766421785000,1766421786000
sensor_01,403.0,34.56,1766421786000,1766421787000
sensor_01,520.0,39.83,1766421787000,1766421788000
sensor_01,529.0,27.71,1766421788000,1766421789000
sensor_01,475.0,27.63,1766421790000,1766421791000
sensor_01,590.0,7.96,1766421791000,1766421792000
sensor_01,375.0,17.19,1766421792000,1766421793000
sensor_01,792.0,18.47,1766421794000,1766421795000
sensor_01,534.0,35.6,1766421795000,1766421796000
sensor_01,357.0,42.26,1766421796000,1766421797000
sensor_01,546.0,21.8,1766421797000,1766421798000
sensor_01,683.0,12.3,1766421799000,1766421800000
sensor_01,524.0,9.09,1766421800000,1766421801000
sensor_01,569.0,38.04,1766421801000,1766421802000
sensor_01,719.0,11.89,1766421802000,1766421803000
sensor_01,807.0,38.64,1766421804000,1766421805000
sensor_01,606.0,23.19,1766421805000,1766421806000
sensor_01,486.0,34.08,1766421806000,1766421807000
sensor_01,610.0,33.97,1766421807000,1766421808000
sensor_01,740.0,42.11,1766421809000,1766421810000
sensor_01,792.0,16.96,1766421810000,1766421811000
sensor_01,414.0,21.16,1766421811000,1766421812000
sensor_01,772.0,37.24,1766421812000,1766421813000
sensor_01,372.0,26.62,1766421813000,1766421814000
sensor_01,691.0,17.63,1766421815000,1766421816000
sensor_01,762.0,26.62,1766421816000,1766421817000
sensor_01,713.0,22.62,1766421817000,1766421818000
sensor_01,480.0,18.77,1766421818000,1766421819000
sensor_01,753.0,14.58,1766421819000,1766421820000
sensor_01,434.0,43.81,1766421821000,1766421822000
sensor_01,484.0,8.4,1766421822000,1766421823000
sensor_01,749.0,36.47,1766421823000,1766421824000
sensor_01,431.0,12.63,1766421825000,1766421826000
sensor_01,388.0,32.57,1766421826000,1766421827000
sensor_01,753.0,15.45,1766421827000,1766421828000
sensor_01,834.0,34.2,1766421828000,1766421829000
sensor_01,878.0,27.87,1766421829000,1766421830000
sensor_01,423.0,21.83,1766421831000,1766421832000
sensor_01,807.0,12.75,1766421832000,1766421833000
sensor_01,683.0,35.41,1766421833000,1766421834000
sensor_01,742.0,40.43,1766421834000,1766421835000
sensor_01,712.0,42.07,1766421836000,1766421837000
sensor_01,620.0,12.58,1766421837000,1766421838000
sensor_01,881.0,29.2,1766421838000,1766421839000
sensor_01,624.0,16.3,1766421839000,1766421840000
sensor_01,712.0,35.91,1766421840000,1766421841000
sensor_01,789.0,44.75,1766421841000,1766421842000
sensor_01,785.0,5.59,1766421843000,1766421844000
sensor_01,508.0,35.13,1766421844000,1766421845000
sensor_01,807.0,22.19,1766421845000,1766421846000
sensor_01,595.0,22.4,1766421846000,1766421847000
sensor_01,637.0,14.28,1766421848000,1766421849000
sensor_01,403.0,11.26,1766421849000,1766421850000
sensor_01,751.0,39.73,1766421850000,1766421851000
sensor_01,687.0,6.62,1766421851000,1766421852000
sensor_01,731.0,8.12,1766421853000,1766421854000
sensor_01,711.0,40.79,1766421854000,1766421855000
sensor_01,445.0,32.15,1766421855000,1766421856000
sensor_01,542.0,25.78,1766421857000,1766421858000
sensor_01,793.0,31.0,1766421858000,1766421859000
sensor_01,705.0,8.16,1766421859000,1766421860000
sensor_01,652.0,35.71,1766421860000,1766421861000
sensor_01,637.0,33.08,1766421861000,1766421862000
sensor_01,817.0,23.81,1766421863000,1766421864000
sensor_01,408.0,33.9,1766421864000,1766421865000
sensor_01,409.0,6.25,1766421865000,1766421866000
sensor_01,451.0,30.99,1766421866000,1766421867000
sensor_01,530.0,25.53,1766421867000,1766421868000
sensor_01,540.0,10.83,1766421869000,1766421870000
sensor_01,621.0,41.31,1766421870000,1766421871000
sensor_01,462.0,21.12,1766421871000,1766421872000
sensor_01,709.0,6.99,1766421872000,1766421873000
sensor_01,878.0,9.81,1766421874000,1766421875000
sensor_01,450.0,43.9,1766421875000,1766421876000
sensor_01,382.0,24.27,1766421876000,1766421877000
sensor_01,772.0,16.42,1766421877000,1766421878000
sensor_01,627.0,16.59,1766421879000,1766421880000
sensor_01,661.0,13.45,1766421880000,1766421881000
sensor_01,384.0,44.93,1766421881000,1766421882000
sensor_01,696.0,9.9,1766421882000,1766421883000
sensor_01,857.0,41.42,1766421884000,1766421885000
sensor_01,871.0,43.4,1766421885000,1766421886000
sensor_01,854.0,35.39,1766421886000,1766421887000
sensor_01,837.0,5.07,1766421887000,1766421888000
sensor_01,751.0,16.5,1766421888000,1766421889000
sensor_01,761.0,43.13,1766421890000,1766421891000
sensor_01,833.0,30.96,1766421891000,1766421892000
sensor_01,636.0,43.11,1766421892000,1766421893000
sensor_01,801.0,17.45,1766421893000,1766421894000
sensor_01,543.0,21.86,1766421894000,1766421895000
sensor_01,594.0,26.39,1766421895000,1766421896000
sensor_01,810.0,33.13,1766422793000,1766422794000
sensor_01,497.0,9.42,1766422794000,1766422795000
sensor_01,699.0,37.27,1766422795000,1766422796000
sensor_01,860.0,13.15,1766422796000,1766422797000
sensor_01,893.0,5.15,1766422797000,1766422798000
sensor_01,613.0,12.05,1766422799000,1766422800000
sensor_01,413.0,12.35,1766422800000,1766422801000
sensor_01,521.0,21.12,1766422802000,1766422803000
sensor_01,866.0,22.37,1766422803000,1766422804000
sensor_01,776.0,26.18,1766422804000,1766422805000
sensor_01,358.0,27.92,1766422806000,1766422807000
sensor_01,413.0,37.92,1766422807000,1766422808000
sensor_01,601.0,14.51,1766422808000,1766422809000
sensor_01,898.0,16.04,1766422809000,1766422810000
sensor_01,754.0,32.68,1766422810000,1766422811000
sensor_01,592.0,33.1,1766422812000,1766422813000
sensor_01,565.0,15.24,1766422813000,1766422814000
sensor_01,653.0,38.1,1766422814000,1766422815000
sensor_01,898.0,38.24,1766422815000,1766422816000
sensor_01,468.0,8.12,1766422817000,1766422818000
sensor_01,487.0,11.6,1766422818000,1766422819000
sensor_01,525.0,10.09,1766422819000,1766422820000
sensor_01,631.0,24.56,1766422820000,1766422821000
sensor_01,617.0,21.62,1766422821000,1766422822000
sensor_01,672.0,34.35,1766422823000,1766422824000
sensor_01,633.0,35.6,1766422824000,1766422825000
sensor_01,446.0,28.96,1766422825000,1766422826000
sensor_01,437.0,9.49,1766422826000,1766422827000
sensor_01,507.0,31.83,1766422828000,1766422829000
sensor_01,491.0,33.65,1766422829000,1766422830000
sensor_01,552.0,33.61,1766422830000,1766422831000
sensor_01,884.0,28.84,1766422831000,1766422832000
sensor_01,871.0,21.96,1766422832000,1766422833000
sensor_01,895.0,27.8,1766422834000,1766422835000
sensor_01,461.0,25.83,1766422835000,1766422836000
sensor_01,869.0,32.36,1766422836000,1766422837000
sensor_01,655.0,32.43,1766422837000,1766422838000
sensor_01,700.0,15.62,1766422838000,1766422839000
sensor_01,533.0,43.51,1766422840000,1766422841000
sensor_01,691.0,42.29,1766422841000,1766422842000
sensor_01,656.0,24.65,1766422842000,1766422843000
sensor_01,608.0,14.01,1766422844000,1766422845000
sensor_01,671.0,9.59,1766422845000,1766422846000
sensor_01,544.0,12.1,1766422846000,1766422847000
sensor_01,676.0,31.72,1766422847000,1766422848000
sensor_01,627.0,36.31,1766422848000,1766422849000
sensor_01,428.0,41.35,1766422849000,1766422850000
sensor_01,383.0,20.35,1766422851000,1766422852000
sensor_01,672.0,20.51,1766422852000,1766422853000
sensor_01,662.0,28.0,1766422853000,1766422854000
sensor_01,755.0,7.36,1766422854000,1766422855000
sensor_01,564.0,31.89,1766422855000,1766422856000
sensor_01,372.0,41.72,1766422857000,1766422858000
sensor_01,686.0,33.09,1766422858000,1766422859000
sensor_01,538.0,33.62,1766422859000,1766422860000
sensor_01,835.0,10.89,1766422860000,1766422861000
sensor_01,882.0,41.71,1766422861000,1766422862000
sensor_01,865.0,12.06,1766422863000,1766422864000
sensor_01,854.0,37.33,1766422864000,1766422865000
sensor_01,892.0,37.07,1766422865000,1766422866000
sensor_01,543.0,39.82,1766422866000,1766422867000
sensor_01,833.0,15.34,1766422867000,1766422868000
sensor_01,891.0,28.52,1766422869000,1766422870000
sensor_01,588.0,39.66,1766422870000,1766422871000
sensor_01,493.0,15.12,1766422871000,1766422872000
sensor_01,800.0,31.0,1766422873000,1766422874000
sensor_01,511.0,39.92,1766422874000,1766422875000
sensor_01,492.0,33.85,1766422875000,1766422876000
sensor_01,631.0,44.32,1766422876000,1766422877000
sensor_01,422.0,15.33,1766422877000,1766422878000
sensor_01,817.0,40.37,1766422879000,1766422880000
sensor_01,405.0,8.35,1766422880000,1766422881000
sensor_01,799.0,8.69,1766422881000,1766422882000
sensor_01,702.0,16.45,1766422882000,1766422883000
sensor_01,686.0,11.13,1766422884000,1766422885000
sensor_01,563.0,28.46,1766422885000,1766422886000
sensor_01,425.0,23.23,1766422886000,1766422887000
sensor_01,717.0,31.79,1766422888000,1766422889000
sensor_01,532.0,10.14,1766422889000,1766422890000
sensor_01,746.0,44.43,1766422891000,1766422892000
sensor_01,605.0,13.49,1766422892000,1766422893000
sensor_01,621.0,37.35,1766422894000,1766422895000
sensor_01,468.0,20.62,1766422895000,1766422896000
sensor_01,842.0,8.73,1766422896000,1766422897000
sensor_01,609.0,10.28,1766422897000,1766422898000
sensor_01,673.0,17.28,1766422899000,1766422900000
sensor_01,657.0,30.82,1766422900000,1766422901000
sensor_01,880.0,30.81,1766422901000,1766422902000
sensor_01,400.0,8.38,1766422902000,1766422903000
sensor_01,380.0,26.26,1766422904000,1766422905000
sensor_01,405.0,43.55,1766422905000,1766422906000
sensor_01,558.0,39.55,1766422907000,1766422908000
sensor_01,621.0,32.78,1766422908000,1766422909000
sensor_01,543.0,28.09,1766422909000,1766422910000
sensor_01,411.0,7.87,1766422910000,1766422911000
sensor_01,804.0,6.71,1766422911000,1766422912000
sensor_01,870.0,41.5,1766422913000,1766422914000
sensor_01,612.0,10.92,1766422914000,1766422915000
sensor_01,826.0,8.68,1766422915000,1766422916000
sensor_01,517.0,36.76,1766422916000,1766422917000
sensor_01,805.0,9.22,1766422918000,1766422919000
sensor_01,508.0,23.56,1766422919000,1766422920000
sensor_01,502.0,25.02,1766422920000,1766422921000
sensor_01,857.0,21.15,1766422921000,1766422922000
sensor_01,360.0,26.13,1766422922000,1766422923000
sensor_01,707.0,21.01,1766422924000,1766422925000
sensor_01,608.0,36.1,1766422925000,1766422926000
sensor_01,352.0,41.17,1766422926000,1766422927000
sensor_01,447.0,35.32,1766422927000,1766422928000
sensor_01,766.0,16.6,1766422929000,1766422930000
sensor_01,461.0,21.93,1766422930000,1766422931000
sensor_01,802.0,17.4,1766422931000,1766422932000
sensor_01,375.0,31.34,1766422933000,1766422934000
sensor_01,533.0,40.41,1766422934000,1766422935000
sensor_01,592.0,5.56,1766422935000,1766422936000
sensor_01,589.0,37.9,1766422937000,1766422938000
sensor_01,751.0,34.69,1766422939000,1766422940000
sensor_01,359.0,41.41,1766422940000,1766422941000
sensor_01,765.0,29.82,1766422941000,1766422942000
sensor_01,522.0,35.19,1766422942000,1766422943000
sensor_01,711.0,22.92,1766422944000,1766422945000
sensor_01,406.0,43.75,1766422945000,1766422946000
sensor_01,520.0,24.75,1766422946000,1766422947000
sensor_01,651.0,35.18,1766423449000,1766423450000
sensor_01,452.0,35.67,1766423450000,1766423451000
sensor_01,694.0,9.96,1766423451000,1766423452000
sensor_01,373.0,37.04,1766423452000,1766423453000
sensor_01,509.0,35.1,1766423454000,1766423455000
sensor_01,498.0,31.13,1766423455000,1766423456000
sensor_01,557.0,22.98,1766423456000,1766423457000
sensor_01,415.0,7.61,1766423457000,1766423458000
sensor_01,807.0,10.08,1766423458000,1766423459000
sensor_01,837.0,15.42,1766423460000,1766423461000
sensor_01,645.0,33.64,1766423461000,1766423462000
sensor_01,818.0,30.6,1766423462000,1766423463000
sensor_01,746.0,12.25,1766423463000,1766423464000
sensor_01,733.0,44.07,1766423464000,1766423465000
sensor_01,726.0,25.92,1766423466000,1766423467000
sensor_01,513.0,32.04,1766423467000,1766423468000
sensor_01,593.0,35.01,1766423468000,1766423469000
sensor_01,483.0,34.01,1766423469000,1766423470000
sensor_01,881.0,39.44,1766423470000,1766423471000
sensor_01,389.0,37.68,1766423472000,1766423473000
sensor_01,828.0,31.43,1766423473000,1766423474000
sensor_01,734.0,19.55,1766423474000,1766423475000
sensor_01,719.0,7.7,1766423475000,1766423476000
sensor_01,899.0,41.57,1766423477000,1766423478000
sensor_01,795.0,19.2,1766423478000,1766423479000
sensor_01,583.0,24.5,1766423479000,1766423480000
sensor_01,377.0,20.83,1766423480000,1766423481000
sensor_01,811.0,8.83,1766423481000,1766423482000
sensor_01,652.0,17.46,1766423483000,1766423484000
sensor_01,850.0,20.28,1766423484000,1766423485000
sensor_01,569.0,13.67,1766423485000,1766423486000
sensor_01,797.0,17.25,1766423486000,1766423487000
sensor_01,895.0,16.29,1766423488000,1766423489000
sensor_01,555.0,27.88,1766423489000,1766423490000
sensor_01,482.0,10.23,1766423490000,1766423491000
sensor_01,731.0,29.58,1766423491000,1766423492000
sensor_01,435.0,41.6,1766423492000,1766423493000
sensor_01,564.0,30.97,1766423494000,1766423495000
sensor_01,726.0,39.35,1766423495000,1766423496000
sensor_01,360.0,17.66,1766423496000,1766423497000
sensor_01,491.0,19.78,1766423497000,1766423498000
sensor_01,789.0,44.29,1766423498000,1766423499000
sensor_01,631.0,5.27,1766423499000,1766423500000
sensor_01,401.0,28.59,1766423501000,1766423502000
sensor_01,693.0,42.3,1766423502000,1766423503000
sensor_01,400.0,43.33,1766423503000,1766423504000
sensor_01,698.0,10.8,1766423504000,1766423505000
sensor_01,749.0,15.44,1766423505000,1766423506000
sensor_01,735.0,23.13,1766423507000,1766423508000
sensor_01,500.0,12.99,1766423508000,1766423509000
sensor_01,774.0,29.49,1766423509000,1766423510000
sensor_01,778.0,13.31,1766423510000,1766423511000
sensor_01,548.0,38.21,1766423512000,1766423513000
sensor_01,891.0,7.14,1766423513000,1766423514000
sensor_01,450.0,32.98,1766423514000,1766423515000
sensor_01,375.0,19.0,1766423515000,1766423516000
sensor_01,696.0,44.46,1766423516000,1766423517000
sensor_01,749.0,8.27,1766423518000,1766423519000
sensor_01,858.0,28.53,1766423519000,1766423520000
sensor_01,546.0,42.55,1766423520000,1766423521000
sensor_01,392.0,10.87,1766423521000,1766423522000
sensor_01,664.0,13.22,1766423522000,1766423523000
sensor_01,709.0,14.06,1766423524000,1766423525000
sensor_01,442.0,29.94,1766423525000,1766423526000
sensor_01,452.0,8.21,1766423526000,1766423527000
sensor_01,748.0,25.26,1766423527000,1766423528000
sensor_01,657.0,32.12,1766423529000,1766423530000
sensor_01,593.0,32.4,1766423531000,1766423532000
sensor_01,664.0,20.02,1766423532000,1766423533000
sensor_01,853.0,34.1,1766423533000,1766423534000
sensor_01,802.0,26.25,1766423534000,1766423535000
sensor_01,489.0,14.31,1766423535000,1766423536000
sensor_01,351.0,17.56,1766423537000,1766423538000
sensor_01,864.0,24.85,1766423538000,1766423539000
sensor_01,405.0,20.92,1766423539000,1766423540000
sensor_01,700.0,33.5,1766423540000,1766423541000
sensor_01,657.0,36.94,1766423542000,1766423543000
sensor_01,694.0,36.51,1766423543000,1766423544000
sensor_01,413.0,19.77,1766423544000,1766423545000
sensor_01,503.0,16.37,1766423546000,1766423547000
sensor_01,392.0,5.67,1766423547000,1766423548000
sensor_01,633.0,41.43,1766423548000,1766423549000
sensor_01,584.0,12.12,1766423549000,1766423550000
sensor_01,529.0,38.14,1766423551000,1766423552000
sensor_01,809.0,23.68,1766423552000,1766423553000
sensor_01,807.0,14.39,1766423553000,1766423554000
sensor_01,508.0,9.06,1766423555000,1766423556000
sensor_01,594.0,37.98,1766423556000,1766423557000
sensor_01,649.0,14.72,1766423557000,1766423558000
sensor_01,614.0,21.44,1766423558000,1766423559000
sensor_01,502.0,36.96,1766423560000,1766423561000
sensor_01,649.0,33.47,1766423561000,1766423562000
sensor_01,844.0,35.45,1766423562000,1766423563000
sensor_01,720.0,19.79,1766423563000,1766423564000
sensor_01,606.0,17.85,1766423565000,1766423566000
sensor_01,588.0,42.64,1766423566000,1766423567000
sensor_01,661.0,13.68,1766423567000,1766423568000
sensor_01,851.0,28.24,1766423568000,1766423569000
sensor_01,479.0,38.9,1766423570000,1766423571000
sensor_01,557.0,44.13,1766423571000,1766423572000
sensor_01,675.0,15.31,1766423572000,1766423573000
sensor_01,622.0,12.86,1766423573000,1766423574000
sensor_01,741.0,8.86,1766423575000,1766423576000
sensor_01,872.0,17.2,1766423576000,1766423577000
sensor_01,450.0,43.01,1766423577000,1766423578000
sensor_01,783.0,29.67,1766423578000,1766423579000
sensor_01,494.0,16.74,1766423580000,1766423581000
sensor_01,553.0,19.87,1766423581000,1766423582000
sensor_01,674.0,39.51,1766423582000,1766423583000
sensor_01,639.0,42.21,1766423583000,1766423584000
sensor_01,882.0,20.95,1766423585000,1766423586000
sensor_01,594.0,22.13,1766423586000,1766423587000
sensor_01,682.0,24.66,1766423588000,1766423589000
sensor_01,879.0,21.17,1766423589000,1766423590000
sensor_01,622.0,38.21,1766423590000,1766423591000
sensor_01,687.0,43.44,1766423591000,1766423592000
sensor_01,799.0,12.32,1766423592000,1766423593000
sensor_01,560.0,9.36,1766423593000,1766423594000
sensor_01,786.0,25.93,1766423595000,1766423596000
sensor_01,477.0,23.47,1766423596000,1766423597000
sensor_01,654.0,28.0,1766423597000,1766423598000
sensor_01,398.0,14.55,1766423599000,1766423600000
sensor_01,823.0,40.66,1766423600000,1766423601000
sensor_01,691.0,37.01,1766423765000,1766423766000
sensor_01,874.0,17.8,1766423766000,1766423767000
sensor_01,890.0,44.1,1766423768000,1766423769000
sensor_01,630.0,21.76,1766423769000,1766423770000
sensor_01,859.0,36.53,1766423770000,1766423771000
sensor_01,771.0,28.16,1766423771000,1766423772000
sensor_01,451.0,7.14,1766423772000,1766423773000
sensor_01,377.0,20.77,1766423774000,1766423775000
sensor_01,801.0,33.48,1766423775000,1766423776000
sensor_01,765.0,25.52,1766423776000,1766423777000
sensor_01,448.0,32.56,1766423778000,1766423779000
sensor_01,740.0,31.08,1766423779000,1766423780000
sensor_01,856.0,25.06,1766423780000,1766423781000
sensor_01,583.0,13.83,1766423782000,1766423783000
sensor_01,711.0,22.16,1766423783000,1766423784000
sensor_01,756.0,41.26,1766423784000,1766423785000
sensor_01,514.0,36.69,1766423786000,1766423787000
sensor_01,699.0,11.81,1766423787000,1766423788000
sensor_01,486.0,12.01,1766423788000,1766423789000
sensor_01,863.0,14.16,1766423789000,1766423790000
sensor_01,843.0,6.08,1766423791000,1766423792000
sensor_01,858.0,26.88,1766423792000,1766423793000
sensor_01,353.0,22.04,1766423793000,1766423794000
sensor_01,759.0,21.57,1766423794000,1766423795000
sensor_01,759.0,25.04,1766423795000,1766423796000
sensor_01,361.0,7.4,1766423797000,1766423798000
sensor_01,633.0,31.09,1766423798000,1766423799000
sensor_01,751.0,31.75,1766423799000,1766423800000
sensor_01,444.0,31.95,1766423801000,1766423802000
sensor_01,707.0,31.71,1766423802000,1766423803000
sensor_01,871.0,19.95,1766423804000,1766423805000
sensor_01,866.0,11.19,1766423805000,1766423806000
sensor_01,492.0,12.67,1766423806000,1766423807000
sensor_01,489.0,20.6,1766423807000,1766423808000
sensor_01,654.0,41.2,1766423809000,1766423810000
sensor_01,503.0,25.97,1766423810000,1766423811000
sensor_01,519.0,6.44,1766423811000,1766423812000
sensor_01,572.0,8.51,1766423812000,1766423813000
sensor_01,773.0,15.89,1766423814000,1766423815000
sensor_01,604.0,25.11,1766423815000,1766423816000
sensor_01,417.0,19.36,1766423816000,1766423817000
sensor_01,613.0,20.81,1766423818000,1766423819000
sensor_01,443.0,25.83,1766423819000,1766423820000
sensor_01,559.0,23.85,1766423820000,1766423821000
sensor_01,417.0,28.8,1766423821000,1766423822000
sensor_01,595.0,32.22,1766423823000,1766423824000
sensor_01,797.0,43.54,1766423824000,1766423825000
sensor_01,351.0,35.07,1766423825000,1766423826000
sensor_01,732.0,42.61,1766423826000,1766423827000
sensor_01,561.0,34.47,1766423827000,1766423828000
sensor_01,540.0,6.04,1766423829000,1766423830000
sensor_01,461.0,34.51,1766423830000,1766423831000
sensor_01,565.0,42.67,1766423831000,1766423832000
sensor_01,692.0,40.74,1766423832000,1766423833000
sensor_01,637.0,21.08,1766423834000,1766423835000
sensor_01,539.0,15.64,1766423835000,1766423836000
sensor_01,426.0,37.68,1766423836000,1766423837000
sensor_01,825.0,14.24,1766423837000,1766423838000
sensor_01,378.0,42.25,1766423838000,1766423839000
sensor_01,402.0,13.49,1766423840000,1766423841000
sensor_01,451.0,36.75,1766423841000,1766423842000
sensor_01,486.0,28.52,1766423842000,1766423843000
sensor_01,877.0,25.8,1766423843000,1766423844000
sensor_01,832.0,38.65,1766423844000,1766423845000
sensor_01,887.0,20.2,1766423846000,1766423847000
sensor_01,565.0,31.22,1766423847000,1766423848000
sensor_01,749.0,14.85,1766423848000,1766423849000
sensor_01,781.0,39.4,1766423849000,1766423850000
sensor_01,883.0,23.37,1766423851000,1766423852000
sensor_01,491.0,15.2,1766423852000,1766423853000
sensor_01,371.0,28.95,1766423853000,1766423854000
sensor_01,383.0,35.27,1766423855000,1766423856000
sensor_01,408.0,16.02,1766423856000,1766423857000
sensor_01,653.0,11.38,1766423857000,1766423858000
sensor_01,485.0,17.05,1766423858000,1766423859000
sensor_01,836.0,15.33,1766423859000,1766423860000
sensor_01,596.0,41.06,1766423861000,1766423862000
sensor_01,643.0,16.32,1766423862000,1766423863000
sensor_01,646.0,21.73,1766423864000,1766423865000
sensor_01,507.0,31.31,1766423865000,1766423866000
sensor_01,713.0,20.72,1766423866000,1766423867000
sensor_01,612.0,32.12,1766423867000,1766423868000
sensor_01,570.0,32.23,1766423869000,1766423870000
sensor_01,446.0,38.51,1766423870000,1766423871000
sensor_01,369.0,39.81,1766423871000,1766423872000
sensor_01,484.0,41.29,1766423872000,1766423873000
sensor_01,704.0,23.59,1766423874000,1766423875000
sensor_01,782.0,39.28,1766423875000,1766423876000
sensor_01,506.0,7.27,1766423876000,1766423877000
sensor_01,443.0,35.01,1766423877000,1766423878000
sensor_01,489.0,33.9,1766423878000,1766423879000
sensor_01,521.0,24.31,1766423879000,1766423880000
sensor_01,491.0,16.05,1766423881000,1766423882000
sensor_01,784.0,36.38,1766423882000,1766423883000
sensor_01,538.0,34.16,1766423883000,1766423884000
sensor_01,653.0,22.23,1766423884000,1766423885000
sensor_01,673.0,13.17,1766423886000,1766423887000
sensor_01,490.0,5.98,1766423887000,1766423888000
sensor_01,839.0,34.44,1766423888000,1766423889000
sensor_01,667.0,12.74,1766423889000,1766423890000
sensor_01,582.0,14.48,1766423890000,1766423891000
sensor_01,369.0,34.13,1766423892000,1766423893000
sensor_01,517.0,43.67,1766423893000,1766423894000
sensor_01,410.0,28.04,1766423894000,1766423895000
sensor_01,859.0,8.24,1766423895000,1766423896000
sensor_01,619.0,42.72,1766423896000,1766423897000
sensor_01,521.0,30.93,1766423898000,1766423899000
sensor_01,429.0,17.58,1766423899000,1766423900000
sensor_01,502.0,43.64,1766423900000,1766423901000
sensor_01,501.0,18.69,1766423901000,1766423902000
sensor_01,426.0,30.55,1766423903000,1766423904000
sensor_01,697.0,41.36,1766423904000,1766423905000
sensor_01,668.0,35.67,1766423905000,1766423906000
sensor_01,534.0,14.05,1766423907000,1766423908000
sensor_01,689.0,23.62,1766423908000,1766423909000
sensor_01,507.0,24.48,1766423909000,1766423910000
sensor_01,719.0,16.35,1766423910000,1766423911000
sensor_01,711.0,9.61,1766423911000,1766423912000
sensor_01,709.0,6.87,1766423913000,1766423914000
sensor_01,815.0,26.02,1766423914000,1766423915000
sensor_01,436.0,33.35,1766423915000,1766423916000
sensor_01,627.0,21.75,1766423916000,1766423917000
sensor_01,397.0,18.1,1766423918000,1766423919000
sensor_01,541.0,41.21,1766423919000,1766423920000
sensor_01,526.0,17.71,1766423920000,1766423921000
sensor_01,524.0,41.25,1766423921000,1766423922000
sensor_01,630.0,41.61,1766423923000,1766423924000
sensor_01,507.0,8.42,1766423924000,1766423925000
sensor_01,661.0,14.36,1766423925000,1766423926000
sensor_01,494.0,14.05,1766423927000,1766423928000
sensor_01,720.0,17.82,1766423928000,1766423929000
sensor_01,557.0,11.31,1766423929000,1766423930000
sensor_01,435.0,16.97,1766423930000,1766423931000
sensor_01,524.0,19.55,1766423932000,1766423933000
sensor_01,613.0,27.08,1766423933000,1766423934000
sensor_01,764.0,30.58,1766423934000,1766423935000
sensor_01,536.0,33.83,1766423936000,1766423937000
sensor_01,577.0,27.93,1766423937000,1766423938000
sensor_01,784.0,13.82,1766423938000,1766423939000
sensor_01,661.0,29.17,1766423940000,1766423941000
sensor_01,863.0,27.76,1766423941000,1766423942000
sensor_01,362.0,19.83,1766423942000,1766423943000
sensor_01,604.0,40.18,1766423943000,1766423944000
sensor_01,523.0,42.02,1766423944000,1766423945000
sensor_01,860.0,11.38,1766423946000,1766423947000
sensor_01,807.0,32.08,1766423947000,1766423948000
sensor_01,390.0,20.66,1766423948000,1766423949000
sensor_01,895.0,38.45,1766423949000,1766423950000
sensor_01,734.0,21.79,1766423951000,1766423952000
sensor_01,826.0,26.68,1766423952000,1766423953000
sensor_01,663.0,32.84,1766423953000,1766423954000
sensor_01,559.0,27.14,1766423954000,1766423955000
sensor_01,516.0,35.24,1766423955000,1766423956000
sensor_01,467.0,11.87,1766423956000,1766423957000
sensor_01,766.0,20.29,1766423958000,1766423959000
sensor_01,609.0,26.32,1766423959000,1766423960000
sensor_01,733.0,18.64,1766423960000,1766423961000
sensor_01,720.0,31.95,1766423961000,1766423962000
sensor_01,410.0,16.18,1766423962000,1766423963000
sensor_01,509.0,26.35,1766423964000,1766423965000
sensor_01,566.0,11.72,1766423965000,1766423966000
sensor_01,836.0,10.13,1766423966000,1766423967000
sensor_01,853.0,21.46,1766423967000,1766423968000
sensor_01,642.0,9.76,1766423969000,1766423970000
sensor_01,725.0,28.15,1766423970000,1766423971000
sensor_01,784.0,37.48,1766423971000,1766423972000
sensor_01,522.0,9.4,1766423972000,1766423973000
sensor_01,472.0,11.8,1766423973000,1766423974000
sensor_01,668.0,26.64,1766423975000,1766423976000
sensor_01,352.0,33.06,1766423976000,1766423977000
sensor_01,623.0,6.19,1766423977000,1766423978000
sensor_01,429.0,39.9,1766423978000,1766423979000
sensor_01,795.0,36.29,1766423980000,1766423981000
sensor_01,764.0,33.76,1766423981000,1766423982000
sensor_01,486.0,34.89,1766423982000,1766423983000
sensor_01,870.0,44.25,1766423983000,1766423984000
sensor_01,757.0,41.62,1766423985000,1766423986000
sensor_01,760.0,8.1,1766423986000,1766423987000
sensor_01,704.0,44.13,1766423987000,1766423988000
sensor_01,836.0,40.23,1766423988000,1766423989000
sensor_01,644.0,40.44,1766423990000,1766423991000
sensor_01,827.0,35.29,1766423991000,1766423992000
sensor_01,872.0,23.61,1766423992000,1766423993000
sensor_01,451.0,11.52,1766423993000,1766423994000
sensor_01,571.0,40.76,1766423994000,1766423995000
sensor_01,705.0,16.24,1766423996000,1766423997000
sensor_01,412.0,15.69,1766423997000,1766423998000
sensor_01,365.0,25.83,1766423998000,1766423999000
sensor_01,561.0,27.68,1766423999000,1766424000000
sensor_01,520.0,42.3,1766424000000,1766424001000
sensor_01,569.0,21.07,1766424002000,1766424003000
sensor_01,554.0,18.97,1766424003000,1766424004000
sensor_01,846.0,6.01,1766424004000,1766424005000
sensor_01,513.0,44.36,1766424005000,1766424006000
sensor_01,767.0,44.1,1766424006000,1766424007000
sensor_01,527.0,31.75,1766424008000,1766424009000
sensor_01,392.0,15.52,1766426274000,1766426275000
sensor_01,514.0,16.36,1766426275000,1766426276000
sensor_01,761.0,21.36,1766426276000,1766426277000
sensor_01,521.0,25.13,1766426277000,1766426278000
sensor_01,361.0,41.79,1766426279000,1766426280000
sensor_01,741.0,12.02,1766426280000,1766426281000
sensor_01,791.0,32.97,1766426281000,1766426282000
sensor_01,840.0,14.14,1766426282000,1766426283000
sensor_01,717.0,32.29,1766426283000,1766426284000
sensor_01,599.0,39.4,1766426285000,1766426286000
sensor_01,369.0,29.88,1766426286000,1766426287000
sensor_01,705.0,13.93,1766426287000,1766426288000
sensor_01,729.0,36.04,1766426288000,1766426289000
sensor_01,430.0,17.21,1766426290000,1766426291000
sensor_01,388.0,23.78,1766426291000,1766426292000
sensor_01,803.0,12.32,1766426292000,1766426293000
sensor_01,645.0,35.37,1766426293000,1766426294000
sensor_01,703.0,20.45,1766426294000,1766426295000
sensor_01,653.0,16.65,1766426296000,1766426297000
sensor_01,562.0,22.88,1766426297000,1766426298000
sensor_01,880.0,33.86,1766426298000,1766426299000
sensor_01,377.0,13.42,1766426299000,1766426300000
sensor_01,894.0,10.47,1766426300000,1766426301000
sensor_01,397.0,8.07,1766426302000,1766426303000
sensor_01,703.0,9.0,1766426303000,1766426304000
sensor_01,407.0,27.97,1766426304000,1766426305000
sensor_01,571.0,25.64,1766426305000,1766426306000
sensor_01,580.0,23.27,1766426307000,1766426308000
sensor_01,651.0,31.53,1766426308000,1766426309000
sensor_01,402.0,42.78,1766426309000,1766426310000
sensor_01,679.0,44.36,1766426310000,1766426311000
sensor_01,599.0,26.54,1766426311000,1766426312000
sensor_01,753.0,8.25,1766426312000,1766426313000
sensor_01,523.0,6.68,1766426314000,1766426315000
sensor_01,647.0,27.96,1766426315000,1766426316000
sensor_01,375.0,23.53,1766426316000,1766426317000
sensor_01,568.0,27.69,1766426317000,1766426318000
sensor_01,412.0,30.9,1766426319000,1766426320000
sensor_01,418.0,6.53,1766426320000,1766426321000
sensor_01,593.0,41.08,1766426321000,1766426322000
sensor_01,760.0,26.13,1766426322000,1766426323000
sensor_01,759.0,37.9,1766426323000,1766426324000
sensor_01,592.0,10.03,1766426325000,1766426326000
sensor_01,885.0,39.28,1766426326000,1766426327000
sensor_01,560.0,19.1,1766426327000,1766426328000
sensor_01,371.0,19.19,1766426328000,1766426329000
sensor_01,897.0,31.46,1766426330000,1766426331000
sensor_01,633.0,11.68,1766426331000,1766426332000
sensor_01,814.0,17.17,1766426332000,1766426333000
sensor_01,371.0,24.13,1766426333000,1766426334000
sensor_01,373.0,9.59,1766426334000,1766426335000
sensor_01,732.0,38.8,1766426336000,1766426337000
sensor_01,688.0,5.29,1766426337000,1766426338000
sensor_01,448.0,17.11,1766426338000,1766426339000
sensor_01,619.0,25.99,1766426339000,1766426340000
sensor_01,820.0,39.72,1766426341000,1766426342000
sensor_01,490.0,42.19,1766426342000,1766426343000
sensor_01,485.0,39.6,1766426343000,1766426344000
sensor_01,871.0,19.36,1766426344000,1766426345000
sensor_01,833.0,38.27,1766426346000,1766426347000
sensor_01,442.0,43.71,1766426347000,1766426348000
sensor_01,626.0,27.03,1766426348000,1766426349000
sensor_01,670.0,13.3,1766426349000,1766426350000
sensor_01,470.0,6.16,1766426350000,1766426351000
sensor_01,591.0,16.77,1766426352000,1766426353000
sensor_01,831.0,11.65,1766426353000,1766426354000
sensor_01,559.0,12.52,1766426354000,1766426355000
sensor_01,396.0,29.31,1766426355000,1766426356000
sensor_01,384.0,29.77,1766426356000,1766426357000
sensor_01,453.0,20.71,1766426357000,1766426358000
sensor_01,613.0,42.29,1766426359000,1766426360000
sensor_01,471.0,37.85,1766426360000,1766426361000
sensor_01,391.0,19.62,1766426361000,1766426362000
sensor_01,862.0,7.74,1766426362000,1766426363000
sensor_01,861.0,28.77,1766426363000,1766426364000
sensor_01,659.0,38.67,1766426365000,1766426366000
sensor_01,621.0,33.57,1766426366000,1766426367000
sensor_01,377.0,20.01,1766426367000,1766426368000
sensor_01,601.0,27.6,1766426368000,1766426369000
sensor_01,667.0,27.24,1766426369000,1766426370000
sensor_01,779.0,14.98,1766426371000,1766426372000
sensor_01,756.0,30.83,1766426372000,1766426373000
sensor_01,840.0,14.07,1766426373000,1766426374000
sensor_01,884.0,8.3,1766426374000,1766426375000
sensor_01,693.0,27.58,1766426375000,1766426376000
sensor_01,621.0,38.92,1766426377000,1766426378000
sensor_01,627.0,25.12,1766426378000,1766426379000
sensor_01,416.0,31.82,1766426379000,1766426380000
sensor_01,646.0,37.07,1766426380000,1766426381000
sensor_01,483.0,34.03,1766426381000,1766426382000
sensor_01,678.0,18.11,1766426382000,1766426383000
sensor_01,474.0,44.94,1766426384000,1766426385000
sensor_01,508.0,19.59,1766426385000,1766426386000
sensor_01,858.0,29.91,1766426386000,1766426387000
sensor_01,818.0,10.71,1766426388000,1766426389000
sensor_01,533.0,43.23,1766426389000,1766426390000
sensor_01,519.0,7.6,1766426390000,1766426391000
sensor_01,648.0,15.55,1766426391000,1766426392000
sensor_01,733.0,20.33,1766426393000,1766426394000
sensor_01,408.0,38.47,1766426394000,1766426395000
sensor_01,457.0,33.04,1766426395000,1766426396000
sensor_01,697.0,30.26,1766426396000,1766426397000
sensor_01,747.0,13.47,1766426397000,1766426398000
sensor_01,575.0,41.4,1766426399000,1766426400000
sensor_01,566.0,20.48,1766426400000,1766426401000
sensor_01,397.0,21.21,1766426401000,1766426402000
sensor_01,854.0,12.44,1766426402000,1766426403000
sensor_01,680.0,40.93,1766426404000,1766426405000
sensor_01,836.0,14.29,1766426405000,1766426406000
sensor_01,538.0,42.23,1766426406000,1766426407000
sensor_01,721.0,24.15,1766426407000,1766426408000
sensor_01,719.0,5.56,1766426408000,1766426409000
sensor_01,689.0,37.04,1766426409000,1766426410000
sensor_01,661.0,9.92,1766426411000,1766426412000
sensor_01,409.0,31.57,1766426412000,1766426413000
sensor_01,637.0,39.47,1766426413000,1766426414000
sensor_01,567.0,17.63,1766426414000,1766426415000
sensor_01,856.0,24.83,1766426416000,1766426417000
sensor_01,596.0,6.46,1766426417000,1766426418000
sensor_01,391.0,21.73,1766426418000,1766426419000
sensor_01,717.0,21.94,1766426419000,1766426420000
sensor_01,579.0,35.73,1766426421000,1766426422000
sensor_01,628.0,33.74,1766426422000,1766426423000
sensor_01,794.0,42.39,1766426423000,1766426424000
sensor_01,854.0,22.47,1766426424000,1766426425000
sensor_01,835.0,12.93,1766426425000,1766426426000
sensor_01,630.0,14.62,1766426427000,1766426428000
sensor_01,439.0,14.63,1766426428000,1766426429000
sensor_01,426.0,43.29,1766426429000,1766426430000
sensor_01,568.0,24.3,1766426430000,1766426431000
sensor_01,382.0,8.25,1766426432000,1766426433000
sensor_01,426.0,13.45,1766426433000,1766426434000
sensor_01,414.0,41.72,1766426434000,1766426435000
sensor_01,509.0,19.61,1766426435000,1766426436000
sensor_01,474.0,34.72,1766426436000,1766426437000
sensor_01,577.0,28.29,1766426437000,1766426438000
sensor_01,765.0,11.64,1766426439000,1766426440000
sensor_01,772.0,42.99,1766426440000,1766426441000
sensor_01,891.0,39.6,1766426441000,1766426442000
sensor_01,811.0,42.42,1766426442000,1766426443000
sensor_01,854.0,13.93,1766426444000,1766426445000
sensor_01,659.0,27.28,1766426445000,1766426446000
sensor_01,457.0,19.82,1766426446000,1766426447000
sensor_01,490.0,7.16,1766426447000,1766426448000
sensor_01,428.0,25.72,1766426448000,1766426449000
sensor_01,416.0,17.16,1766426450000,1766426451000
sensor_01,611.0,16.79,1766426451000,1766426452000
sensor_01,590.0,29.85,1766426452000,1766426453000
sensor_01,722.0,12.13,1766426453000,1766426454000
sensor_01,611.0,23.55,1766426455000,1766426456000
sensor_01,716.0,13.53,1766426456000,1766426457000
sensor_01,878.0,15.48,1766426457000,1766426458000
sensor_01,591.0,37.92,1766426458000,1766426459000
sensor_01,588.0,27.16,1766426459000,1766426460000
sensor_01,610.0,19.5,1766426461000,1766426462000
sensor_01,786.0,5.92,1766426462000,1766426463000
sensor_01,507.0,24.76,1766426463000,1766426464000
sensor_01,442.0,42.21,1766426464000,1766426465000
sensor_01,441.0,14.59,1766426466000,1766426467000
sensor_01,454.0,43.15,1766426467000,1766426468000
sensor_01,656.0,21.65,1766426468000,1766426469000
sensor_01,561.0,26.62,1766426470000,1766426471000
sensor_01,727.0,43.51,1766426471000,1766426472000
sensor_01,512.0,10.22,1766426472000,1766426473000
sensor_01,846.0,14.03,1766426473000,1766426474000
sensor_01,685.0,38.86,1766426475000,1766426476000
sensor_01,890.0,38.16,1766427325000,1766427326000
sensor_01,439.0,39.85,1766427326000,1766427327000
sensor_01,496.0,16.14,1766427327000,1766427328000
sensor_01,516.0,8.69,1766427329000,1766427330000
sensor_01,536.0,26.49,1766427330000,1766427331000
sensor_01,519.0,41.74,1766427331000,1766427332000
sensor_01,816.0,42.25,1766427332000,1766427333000
sensor_01,409.0,10.02,1766427333000,1766427334000
sensor_01,750.0,8.59,1766427335000,1766427336000
sensor_01,559.0,44.76,1766427336000,1766427337000
sensor_01,492.0,34.7,1766427337000,1766427338000
sensor_01,769.0,8.07,1766427338000,1766427339000
sensor_01,472.0,41.33,1766427339000,1766427340000
sensor_01,368.0,28.35,1766427341000,1766427342000
sensor_01,457.0,12.2,1766427342000,1766427343000
sensor_01,384.0,18.72,1766427343000,1766427344000
sensor_01,551.0,41.98,1766427344000,1766427345000
sensor_01,844.0,12.77,1766427345000,1766427346000
sensor_01,747.0,39.06,1766427347000,1766427348000
sensor_01,859.0,9.34,1766427348000,1766427349000
sensor_01,850.0,29.06,1766427349000,1766427350000
sensor_01,494.0,33.93,1766427350000,1766427351000
sensor_01,441.0,28.08,1766427351000,1766427352000
sensor_01,558.0,12.85,1766427353000,1766427354000
sensor_01,784.0,16.0,1766427354000,1766427355000
sensor_01,821.0,37.41,1766427355000,1766427356000
sensor_01,435.0,16.14,1766427356000,1766427357000
sensor_01,733.0,23.05,1766427358000,1766427359000
sensor_01,588.0,39.48,1766427359000,1766427360000
sensor_01,412.0,14.45,1766427360000,1766427361000
sensor_01,558.0,7.98,1766427362000,1766427363000
sensor_01,546.0,15.21,1766427363000,1766427364000
sensor_01,735.0,38.22,1766427364000,1766427365000
sensor_01,498.0,34.99,1766427365000,1766427366000
sensor_01,700.0,24.4,1766427366000,1766427367000
sensor_01,876.0,17.29,1766427368000,1766427369000
sensor_01,483.0,7.67,1766427369000,1766427370000
sensor_01,505.0,22.42,1766427370000,1766427371000
sensor_01,368.0,13.12,1766427372000,1766427373000
sensor_01,831.0,17.9,1766427373000,1766427374000
sensor_01,472.0,22.72,1766427374000,1766427375000
sensor_01,707.0,33.82,1766427375000,1766427376000
sensor_01,583.0,28.01,1766427376000,1766427377000
sensor_01,699.0,32.79,1766427378000,1766427379000
sensor_01,397.0,39.11,1766427379000,1766427380000
sensor_01,792.0,17.31,1766427380000,1766427381000
sensor_01,460.0,18.24,1766427382000,1766427383000
sensor_01,839.0,19.69,1766427383000,1766427384000
sensor_01,351.0,31.36,1766427384000,1766427385000
sensor_01,571.0,7.4,1766427385000,1766427386000
sensor_01,720.0,10.72,1766427387000,1766427388000
sensor_01,526.0,30.26,1766427388000,1766427389000
sensor_01,805.0,7.72,1766427389000,1766427390000
sensor_01,556.0,10.62,1766427391000,1766427392000
sensor_01,593.0,17.8,1766427392000,1766427393000
sensor_01,522.0,29.12,1766427393000,1766427394000
sensor_01,848.0,35.7,1766427394000,1766427395000
sensor_01,648.0,18.5,1766427395000,1766427396000
sensor_01,368.0,10.81,1766427397000,1766427398000
sensor_01,875.0,5.47,1766427398000,1766427399000
sensor_01,762.0,17.78,1766427399000,1766427400000
sensor_01,713.0,28.7,1766427401000,1766427402000
sensor_01,389.0,6.06,1766427402000,1766427403000
sensor_01,606.0,17.05,1766427403000,1766427404000
sensor_01,753.0,35.92,1766427404000,1766427405000
sensor_01,545.0,38.26,1766427405000,1766427406000
sensor_01,787.0,23.29,1766427407000,1766427408000
sensor_01,612.0,10.57,1766427408000,1766427409000
sensor_01,832.0,28.04,1766427409000,1766427410000
sensor_01,505.0,35.12,1766427410000,1766427411000
sensor_01,433.0,43.74,1766427411000,1766427412000
sensor_01,758.0,35.79,1766427412000,1766427413000
sensor_01,601.0,31.25,1766427414000,1766427415000
sensor_01,432.0,21.65,1766427415000,1766427416000
sensor_01,569.0,22.0,1766427416000,1766427417000
sensor_01,464.0,32.03,1766427417000,1766427418000
sensor_01,492.0,38.7,1766427419000,1766427420000
sensor_01,575.0,31.48,1766427420000,1766427421000
sensor_01,755.0,31.75,1766427421000,1766427422000
sensor_01,886.0,12.6,1766427422000,1766427423000
sensor_01,887.0,6.63,1766427423000,1766427424000
sensor_01,708.0,11.4,1766427425000,1766427426000
sensor_01,520.0,8.03,1766427426000,1766427427000
sensor_01,423.0,29.58,1766427427000,1766427428000
sensor_01,522.0,34.01,1766427428000,1766427429000
sensor_01,363.0,36.17,1766427429000,1766427430000
sensor_01,823.0,43.98,1766427431000,1766427432000
sensor_01,642.0,12.41,1766427432000,1766427433000
sensor_01,712.0,43.86,1766427433000,1766427434000
sensor_01,453.0,15.37,1766427434000,1766427435000
sensor_01,485.0,33.92,1766427436000,1766427437000
sensor_01,861.0,27.77,1766427437000,1766427438000
sensor_01,900.0,15.71,1766427438000,1766427439000
sensor_01,679.0,20.08,1766427440000,1766427441000
sensor_01,417.0,21.99,1766427441000,1766427442000
sensor_01,510.0,10.76,1766427442000,1766427443000
sensor_01,899.0,14.75,1766427443000,1766427444000
sensor_01,659.0,10.72,1766427444000,1766427445000
sensor_01,765.0,20.02,1766427446000,1766427447000
sensor_01,426.0,24.38,1766427447000,1766427448000
sensor_01,543.0,30.37,1766427448000,1766427449000
sensor_01,467.0,15.58,1766427449000,1766427450000
sensor_01,572.0,34.16,1766427451000,1766427452000
sensor_01,703.0,15.16,1766427452000,1766427453000
sensor_01,772.0,9.17,1766427453000,1766427454000
sensor_01,415.0,26.19,1766427454000,1766427455000
sensor_01,550.0,7.14,1766427456000,1766427457000
sensor_01,588.0,19.85,1766427457000,1766427458000
sensor_01,863.0,18.99,1766427458000,1766427459000
sensor_01,612.0,25.13,1766427459000,1766427460000
sensor_01,389.0,33.52,1766427460000,1766427461000
sensor_01,481.0,30.06,1766427462000,1766427463000
sensor_01,720.0,26.99,1766427463000,1766427464000
sensor_01,897.0,43.38,1766427464000,1766427465000
sensor_01,586.0,23.31,1766427465000,1766427466000
sensor_01,543.0,5.42,1766427466000,1766427467000
sensor_01,898.0,42.35,1766427468000,1766427469000
sensor_01,641.0,32.46,1766427469000,1766427470000
sensor_01,483.0,32.16,1766427470000,1766427471000
sensor_01,613.0,32.0,1766427471000,1766427472000
sensor_01,624.0,14.11,1766427472000,1766427473000
sensor_01,576.0,22.61,1766427474000,1766427475000
sensor_01,555.0,12.77,1766427475000,1766427476000
sensor_01,764.0,34.7,1766427476000,1766427477000
sensor_01,740.0,6.33,1766427477000,1766427478000
sensor_01,480.0,15.07,1766427479000,1766427480000
sensor_01,848.0,13.25,1766427480000,1766427481000
sensor_01,759.0,37.2,1766427481000,1766427482000
sensor_01,829.0,37.01,1766427482000,1766427483000
sensor_01,783.0,8.73,1766427484000,1766427485000
sensor_01,773.0,7.0,1766427827000,1766427828000
sensor_01,704.0,41.99,1766427828000,1766427829000
sensor_01,806.0,29.37,1766427829000,1766427830000
sensor_01,415.0,25.9,1766427831000,1766427832000
sensor_01,825.0,11.89,1766427832000,1766427833000
sensor_01,377.0,13.87,1766427833000,1766427834000
sensor_01,860.0,44.45,1766427834000,1766427835000
sensor_01,372.0,19.78,1766427835000,1766427836000
sensor_01,667.0,11.84,1766427837000,1766427838000
sensor_01,753.0,17.41,1766427838000,1766427839000
sensor_01,391.0,29.28,1766427839000,1766427840000
sensor_01,764.0,33.0,1766427840000,1766427841000
sensor_01,880.0,35.24,1766427841000,1766427842000
sensor_01,853.0,40.71,1766427842000,1766427843000
sensor_01,760.0,35.51,1766427844000,1766427845000
sensor_01,604.0,7.56,1766427845000,1766427846000
sensor_01,512.0,25.26,1766427847000,1766427848000
sensor_01,838.0,5.45,1766427848000,1766427849000
sensor_01,671.0,33.89,1766427849000,1766427850000
sensor_01,660.0,5.12,1766427850000,1766427851000
sensor_01,640.0,22.29,1766427851000,1766427852000
sensor_01,465.0,6.42,1766427853000,1766427854000
sensor_01,793.0,37.4,1766427854000,1766427855000
sensor_01,721.0,33.24,1766427856000,1766427857000
sensor_01,618.0,29.13,1766427857000,1766427858000
sensor_01,467.0,24.11,1766427858000,1766427859000
sensor_01,819.0,44.31,1766427860000,1766427861000
sensor_01,798.0,32.51,1766427861000,1766427862000
sensor_01,370.0,20.41,1766427862000,1766427863000
sensor_01,556.0,22.94,1766427863000,1766427864000
sensor_01,824.0,7.35,1766427864000,1766427865000
sensor_01,425.0,39.4,1766427866000,1766427867000
sensor_01,623.0,9.64,1766427867000,1766427868000
sensor_01,412.0,27.71,1766427868000,1766427869000
sensor_01,405.0,17.34,1766427869000,1766427870000
sensor_01,440.0,31.88,1766427870000,1766427871000
sensor_01,734.0,23.46,1766427871000,1766427872000
sensor_01,542.0,22.3,1766427873000,1766427874000
sensor_01,519.0,6.33,1766427874000,1766427875000
sensor_01,479.0,42.91,1766427876000,1766427877000
sensor_01,635.0,19.89,1766427877000,1766427878000
sensor_01,744.0,32.82,1766427878000,1766427879000
sensor_01,767.0,33.44,1766427879000,1766427880000
sensor_01,852.0,31.44,1766427880000,1766427881000
sensor_01,668.0,25.84,1766427882000,1766427883000
sensor_01,713.0,24.1,1766427883000,1766427884000
sensor_01,728.0,24.11,1766427884000,1766427885000
sensor_01,528.0,10.35,1766427885000,1766427886000
sensor_01,403.0,26.13,1766427886000,1766427887000
sensor_01,591.0,21.51,1766427888000,1766427889000
sensor_01,705.0,32.5,1766427889000,1766427890000
sensor_01,493.0,28.66,1766427890000,1766427891000
sensor_01,374.0,40.97,1766427891000,1766427892000
sensor_01,378.0,30.09,1766427892000,1766427893000
sensor_01,609.0,33.86,1766427893000,1766427894000
sensor_01,413.0,24.33,1766427895000,1766427896000
sensor_01,505.0,11.57,1766427896000,1766427897000
sensor_01,807.0,31.27,1766427897000,1766427898000
sensor_01,508.0,24.4,1766427898000,1766427899000
sensor_01,898.0,38.79,1766427900000,1766427901000
sensor_01,511.0,25.29,1766427901000,1766427902000
sensor_01,564.0,16.56,1766427902000,1766427903000
sensor_01,436.0,12.55,1766427903000,1766427904000
sensor_01,403.0,33.24,1766427904000,1766427905000
sensor_01,391.0,29.81,1766427906000,1766427907000
sensor_01,753.0,17.9,1766427907000,1766427908000
sensor_01,832.0,18.69,1766427908000,1766427909000
sensor_01,495.0,26.85,1766427909000,1766427910000
sensor_01,743.0,42.28,1766427910000,1766427911000
sensor_01,505.0,40.14,1766427912000,1766427913000
sensor_01,892.0,41.74,1766427913000,1766427914000
sensor_01,659.0,24.56,1766427914000,1766427915000
sensor_01,899.0,44.15,1766427915000,1766427916000
sensor_01,362.0,24.12,1766427916000,1766427917000
sensor_01,618.0,5.22,1766427917000,1766427918000
sensor_01,522.0,40.35,1766427919000,1766427920000
sensor_01,487.0,15.17,1766427920000,1766427921000
sensor_01,615.0,31.48,1766427921000,1766427922000
sensor_01,884.0,26.62,1766427922000,1766427923000
sensor_01,672.0,18.06,1766427923000,1766427924000
sensor_01,732.0,10.11,1766427924000,1766427925000
sensor_01,491.0,41.17,1766427926000,1766427927000
sensor_01,498.0,40.86,1766427927000,1766427928000
sensor_01,626.0,41.12,1766427929000,1766427930000
sensor_01,540.0,5.56,1766427930000,1766427931000
sensor_01,518.0,27.32,1766427931000,1766427932000
sensor_01,432.0,40.95,1766427932000,1766427933000
sensor_01,680.0,29.79,1766427934000,1766427935000
sensor_01,709.0,28.76,1766427935000,1766427936000
sensor_01,789.0,23.47,1766427936000,1766427937000
sensor_01,764.0,41.03,1766427937000,1766427938000
sensor_01,890.0,9.98,1766427938000,1766427939000
sensor_01,834.0,43.76,1766427939000,1766427940000
sensor_01,674.0,18.44,1766427940000,1766427941000
sensor_01,418.0,20.2,1766427942000,1766427943000
sensor_01,858.0,20.24,1766427943000,1766427944000
sensor_01,895.0,8.59,1766427944000,1766427945000
sensor_01,714.0,39.28,1766427946000,1766427947000
sensor_01,882.0,35.57,1766427947000,1766427948000
sensor_01,371.0,41.71,1766427948000,1766427949000
sensor_01,461.0,43.61,1766427949000,1766427950000
sensor_01,663.0,40.24,1766427951000,1766427952000
sensor_01,791.0,10.32,1766427952000,1766427953000
sensor_01,795.0,14.76,1766427953000,1766427954000
sensor_01,774.0,20.57,1766427954000,1766427955000
sensor_01,803.0,14.05,1766427956000,1766427957000
sensor_01,841.0,18.33,1766427957000,1766427958000
sensor_01,738.0,11.86,1766427958000,1766427959000
sensor_01,447.0,18.43,1766427959000,1766427960000
sensor_01,464.0,36.16,1766427961000,1766427962000
sensor_01,820.0,10.04,1766427962000,1766427963000
sensor_01,626.0,9.88,1766427963000,1766427964000
sensor_01,375.0,20.64,1766427964000,1766427965000
sensor_01,391.0,40.01,1766427966000,1766427967000
sensor_01,581.0,8.44,1766427967000,1766427968000
sensor_01,522.0,13.88,1766427968000,1766427969000
sensor_01,817.0,42.54,1766427969000,1766427970000
sensor_01,560.0,40.45,1766427970000,1766427971000
sensor_01,579.0,18.69,1766427972000,1766427973000
sensor_01,361.0,8.54,1766427973000,1766427974000
sensor_01,868.0,43.21,1766427974000,1766427975000
sensor_01,573.0,20.75,1766427975000,1766427976000
sensor_01,528.0,20.28,1766427977000,1766427978000
sensor_01,705.0,31.61,1766427978000,1766427979000
sensor_01,550.0,11.44,1766427979000,1766427980000
sensor_01,501.0,25.16,1766427981000,1766427982000
sensor_01,657.0,29.09,1766427982000,1766427983000
sensor_01,669.0,25.45,1766427983000,1766427984000
sensor_01,522.0,8.29,1766427984000,1766427985000
sensor_01,880.0,11.96,1766427986000,1766427987000
sensor_01,352.0,17.45,1766427987000,1766427988000
sensor_01,839.0,12.09,1766427988000,1766427989000
sensor_01,485.0,26.73,1766427990000,1766427991000
sensor_01,804.0,15.86,1766427991000,1766427992000
sensor_01,386.0,37.85,1766427992000,1766427993000
sensor_01,712.0,31.66,1766427993000,1766427994000
sensor_01,782.0,40.91,1766427995000,1766427996000
sensor_01,553.0,41.39,1766427996000,1766427997000
sensor_01,844.0,18.76,1766427997000,1766427998000
sensor_01,386.0,22.14,1766427998000,1766427999000
sensor_01,704.0,21.66,1766428000000,1766428001000
sensor_01,593.0,37.87,1766428001000,1766428002000
sensor_01,878.0,22.23,1766428002000,1766428003000
sensor_01,375.0,33.09,1766428003000,1766428004000
sensor_01,839.0,41.22,1766428004000,1766428005000
sensor_01,565.0,37.69,1766428006000,1766428007000
sensor_01,788.0,5.06,1766428007000,1766428008000
sensor_01,432.0,8.75,1766428008000,1766428009000
sensor_01,495.0,35.19,1766428009000,1766428010000
sensor_01,885.0,16.08,1766428010000,1766428011000
sensor_01,785.0,19.14,1766428011000,1766428012000
sensor_01,885.0,16.44,1766428013000,1766428014000
sensor_01,517.0,44.33,1766428014000,1766428015000
sensor_01,511.0,25.35,1766428015000,1766428016000
sensor_01,775.0,33.51,1766428016000,1766428017000
sensor_01,390.0,18.05,1766428018000,1766428019000
sensor_01,592.0,5.2,1766428019000,1766428020000
sensor_01,613.0,26.91,1766428020000,1766428021000
sensor_01,750.0,6.62,1766428021000,1766428022000
sensor_01,677.0,5.47,1766428022000,1766428023000
sensor_01,476.0,33.38,1766428024000,1766428025000
sensor_01,690.0,27.33,1766428025000,1766428026000
sensor_01,726.0,8.86,1766428026000,1766428027000
sensor_01,607.0,6.8,1766428027000,1766428028000
sensor_01,782.0,42.91,1766428029000,1766428030000
sensor_01,707.0,7.7,1766444606000,1766444607000
sensor_01,623.0,32.19,1766444607000,1766444608000
sensor_01,361.0,13.34,1766444608000,1766444609000
sensor_01,686.0,11.3,1766444609000,1766444610000
sensor_01,826.0,44.42,1766444611000,1766444612000
sensor_01,423.0,12.17,1766444612000,1766444613000
sensor_01,811.0,43.06,1766444613000,1766444614000
sensor_01,553.0,34.87,1766444614000,1766444615000
sensor_01,626.0,18.02,1766444616000,1766444617000
sensor_01,763.0,21.43,1766444617000,1766444618000
sensor_01,720.0,28.19,1766444618000,1766444619000
sensor_01,591.0,22.62,1766444619000,1766444620000
sensor_01,813.0,13.25,1766444620000,1766444621000
sensor_01,668.0,43.07,1766444621000,1766444622000
sensor_01,542.0,12.46,1766444623000,1766444624000
sensor_01,807.0,31.77,1766444624000,1766444625000
sensor_01,682.0,18.73,1766444625000,1766444626000
sensor_01,826.0,26.55,1766444626000,1766444627000
sensor_01,400.0,31.26,1766444627000,1766444628000
sensor_01,687.0,42.33,1766444629000,1766444630000
sensor_01,433.0,33.43,1766444630000,1766444631000
sensor_01,692.0,36.36,1766444631000,1766444632000
sensor_01,871.0,8.26,1766444632000,1766444633000
sensor_01,835.0,22.28,1766444633000,1766444634000
sensor_01,396.0,35.0,1766444635000,1766444636000
sensor_01,874.0,36.93,1766444636000,1766444637000
sensor_01,501.0,5.72,1766444638000,1766444639000
sensor_01,605.0,34.0,1766444639000,1766444640000
sensor_01,673.0,5.26,1766444640000,1766444641000
sensor_01,761.0,34.04,1766444641000,1766444642000
sensor_01,573.0,41.99,1766444642000,1766444643000
sensor_01,431.0,17.6,1766444644000,1766444645000
sensor_01,513.0,27.83,1766444645000,1766444646000
sensor_01,690.0,15.93,1766444646000,1766444647000
sensor_01,458.0,26.0,1766444647000,1766444648000
sensor_01,856.0,20.47,1766444649000,1766444650000
sensor_01,818.0,36.95,1766444650000,1766444651000
sensor_01,521.0,26.97,1766444651000,1766444652000
sensor_01,623.0,24.19,1766444652000,1766444653000
sensor_01,494.0,15.58,1766444653000,1766444654000
sensor_01,878.0,6.52,1766444655000,1766444656000
sensor_01,570.0,41.87,1766444656000,1766444657000
sensor_01,498.0,22.64,1766444657000,1766444658000
sensor_01,715.0,20.04,1766444658000,1766444659000
sensor_01,813.0,32.75,1766444659000,1766444660000
sensor_01,661.0,13.15,1766444661000,1766444662000
sensor_01,690.0,6.9,1766444662000,1766444663000
sensor_01,714.0,35.43,1766444663000,1766444664000
sensor_01,773.0,39.29,1766444665000,1766444666000
sensor_01,859.0,42.56,1766444666000,1766444667000
sensor_01,523.0,34.39,1766444667000,1766444668000
sensor_01,443.0,8.41,1766444668000,1766444669000
sensor_01,504.0,16.89,1766444669000,1766444670000
sensor_01,563.0,33.52,1766444671000,1766444672000
sensor_01,817.0,42.91,1766444672000,1766444673000
sensor_01,801.0,25.51,1766444673000,1766444674000
sensor_01,623.0,29.17,1766444675000,1766444676000
sensor_01,456.0,29.57,1766444676000,1766444677000
sensor_01,583.0,29.29,1766444677000,1766444678000
sensor_01,435.0,12.43,1766444678000,1766444679000
sensor_01,712.0,15.21,1766444680000,1766444681000
sensor_01,782.0,44.07,1766444681000,1766444682000
sensor_01,357.0,22.72,1766444682000,1766444683000
sensor_01,490.0,23.86,1766444683000,1766444684000
sensor_01,445.0,44.85,1766444685000,1766444686000
sensor_01,532.0,18.17,1766444686000,1766444687000
sensor_01,786.0,34.75,1766444687000,1766444688000
sensor_01,475.0,6.59,1766444688000,1766444689000
sensor_01,500.0,34.89,1766444690000,1766444691000
sensor_01,675.0,22.89,1766444691000,1766444692000
sensor_01,441.0,10.57,1766444692000,1766444693000
sensor_01,542.0,40.52,1766444693000,1766444694000
sensor_01,626.0,20.76,1766444695000,1766444696000
sensor_01,535.0,43.15,1766444696000,1766444697000
sensor_01,659.0,35.79,1766444697000,1766444698000
sensor_01,580.0,14.43,1766444698000,1766444699000
sensor_01,590.0,26.97,1766444699000,1766444700000
sensor_01,850.0,20.48,1766444701000,1766444702000
sensor_01,782.0,36.07,1766444702000,1766444703000
sensor_01,377.0,38.47,1766444703000,1766444704000
sensor_01,536.0,12.79,1766444704000,1766444705000
sensor_01,590.0,13.28,1766444705000,1766444706000
sensor_01,472.0,22.75,1766444707000,1766444708000
sensor_01,525.0,11.75,1766444708000,1766444709000
sensor_01,586.0,40.62,1766444709000,1766444710000
sensor_01,406.0,20.34,1766444710000,1766444711000
sensor_01,802.0,44.84,1766444712000,1766444713000
sensor_01,484.0,22.71,1766444713000,1766444714000
sensor_01,487.0,41.19,1766444714000,1766444715000
sensor_01,668.0,10.77,1766444716000,1766444717000
sensor_01,558.0,23.11,1766444717000,1766444718000
sensor_01,759.0,22.66,1766444719000,1766444720000
sensor_01,686.0,44.11,1766444720000,1766444721000
sensor_01,843.0,12.08,1766444721000,1766444722000
sensor_01,445.0,25.18,1766444722000,1766444723000
sensor_01,475.0,24.66,1766444723000,1766444724000
sensor_01,835.0,35.63,1766444725000,1766444726000
sensor_01,429.0,43.14,1766444726000,1766444727000
sensor_01,360.0,34.08,1766444727000,1766444728000
sensor_01,714.0,12.0,1766444728000,1766444729000
sensor_01,455.0,38.55,1766444730000,1766444731000
sensor_01,391.0,6.99,1766444731000,1766444732000
sensor_01,764.0,33.44,1766444732000,1766444733000
sensor_01,856.0,23.99,1766444733000,1766444734000
sensor_01,710.0,19.24,1766444734000,1766444735000
sensor_01,415.0,26.22,1766444736000,1766444737000
sensor_01,518.0,39.11,1766444737000,1766444738000
sensor_01,599.0,41.0,1766444738000,1766444739000
sensor_01,573.0,14.16,1766444739000,1766444740000
sensor_01,431.0,25.97,1766444741000,1766444742000
sensor_01,813.0,9.19,1766444742000,1766444743000
sensor_01,642.0,42.01,1766444743000,1766444744000
sensor_01,384.0,16.7,1766444744000,1766444745000
sensor_01,353.0,20.97,1766444746000,1766444747000
sensor_01,582.0,6.61,1766444747000,1766444748000
sensor_01,726.0,20.56,1766444748000,1766444749000
sensor_01,654.0,29.71,1766444750000,1766444751000
sensor_01,408.0,30.01,1766444751000,1766444752000
sensor_01,682.0,7.1,1766444752000,1766444753000
sensor_01,866.0,13.33,1766444753000,1766444754000
sensor_01,489.0,15.99,1766444754000,1766444755000
sensor_01,683.0,11.66,1766444756000,1766444757000
sensor_01,621.0,7.52,1766444757000,1766444758000
sensor_01,501.0,16.44,1766444759000,1766444760000
sensor_01,809.0,17.58,1766444760000,1766444761000
sensor_01,593.0,36.06,1766444761000,1766444762000
sensor_01,431.0,39.41,1766444762000,1766444763000
sensor_01,803.0,19.69,1766444763000,1766444764000
sensor_01,433.0,27.61,1766444764000,1766444765000
sensor_01,637.0,24.65,1766444766000,1766444767000
sensor_01,822.0,31.88,1766444767000,1766444768000
sensor_01,719.0,23.79,1766444768000,1766444769000
sensor_01,677.0,40.91,1766444769000,1766444770000
sensor_01,635.0,7.5,1766444771000,1766444772000
sensor_01,591.0,24.07,1766444772000,1766444773000
sensor_01,546.0,34.06,1766444774000,1766444775000
sensor_01,559.0,8.39,1766444775000,1766444776000
sensor_01,481.0,9.21,1766444776000,1766444777000
sensor_01,700.0,32.74,1766444777000,1766444778000
sensor_01,572.0,41.16,1766444779000,1766444780000
sensor_01,879.0,7.14,1766444780000,1766444781000
sensor_01,367.0,42.09,1766444781000,1766444782000
sensor_01,658.0,11.63,1766444782000,1766444783000
sensor_01,745.0,31.02,1766444783000,1766444784000
sensor_01,801.0,39.02,1766444785000,1766444786000
sensor_01,762.0,24.01,1766444786000,1766444787000
sensor_01,815.0,6.52,1766444787000,1766444788000
sensor_01,519.0,34.2,1766444788000,1766444789000
sensor_01,620.0,11.12,1766444789000,1766444790000
sensor_01,667.0,14.89,1766444791000,1766444792000
sensor_01,619.0,33.4,1766444792000,1766444793000
sensor_01,731.0,41.03,1766444793000,1766444794000
sensor_01,717.0,44.44,1766444794000,1766444795000
sensor_01,657.0,23.37,1766444796000,1766444797000
sensor_01,426.0,8.02,1766444797000,1766444798000
sensor_01,832.0,34.86,1766445001000,1766445002000
sensor_01,426.0,5.58,1766445002000,1766445003000
sensor_01,625.0,35.98,1766445003000,1766445004000
sensor_01,368.0,34.12,1766445004000,1766445005000
sensor_01,437.0,36.11,1766445006000,1766445007000
sensor_01,898.0,42.96,1766445007000,1766445008000
sensor_01,724.0,26.35,1766445008000,1766445009000
sensor_01,593.0,43.68,1766445009000,1766445010000
sensor_01,751.0,13.39,1766445010000,1766445011000
sensor_01,859.0,31.43,1766445012000,1766445013000
sensor_01,458.0,38.22,1766445013000,1766445014000
sensor_01,603.0,40.33,1766445014000,1766445015000
sensor_01,548.0,27.34,1766445015000,1766445016000
sensor_01,781.0,8.19,1766445016000,1766445017000
sensor_01,868.0,21.43,1766445018000,1766445019000
sensor_01,784.0,28.16,1766445019000,1766445020000
sensor_01,793.0,26.02,1766445020000,1766445021000
sensor_01,634.0,41.48,1766445021000,1766445022000
sensor_01,421.0,40.3,1766445022000,1766445023000
sensor_01,363.0,30.66,1766445024000,1766445025000
sensor_01,397.0,5.45,1766445025000,1766445026000
sensor_01,641.0,36.29,1766445026000,1766445027000
sensor_01,734.0,34.72,1766445027000,1766445028000
sensor_01,448.0,35.81,1766445028000,1766445029000
sensor_01,765.0,39.15,1766445030000,1766445031000
sensor_01,512.0,18.34,1766445031000,1766445032000
sensor_01,689.0,8.99,1766445032000,1766445033000
sensor_01,566.0,7.2,1766445033000,1766445034000
sensor_01,755.0,27.16,1766445034000,1766445035000
sensor_01,735.0,10.77,1766445035000,1766445036000
sensor_01,567.0,40.43,1766445037000,1766445038000
sensor_01,633.0,43.2,1766445038000,1766445039000
sensor_01,559.0,27.6,1766445039000,1766445040000
sensor_01,648.0,25.18,1766445040000,1766445041000
sensor_01,450.0,40.48,1766445042000,1766445043000
sensor_01,711.0,8.19,1766445043000,1766445044000
sensor_01,784.0,10.16,1766445044000,1766445045000
sensor_01,772.0,21.36,1766445045000,1766445046000
sensor_01,363.0,8.22,1766445046000,1766445047000
sensor_01,566.0,24.16,1766445047000,1766445048000
sensor_01,870.0,26.88,1766445049000,1766445050000
sensor_01,578.0,39.03,1766445050000,1766445051000
sensor_01,759.0,43.82,1766445051000,1766445052000
sensor_01,792.0,15.46,1766445052000,1766445053000
sensor_01,830.0,34.37,1766445053000,1766445054000
sensor_01,577.0,38.52,1766445055000,1766445056000
sensor_01,863.0,40.23,1766445056000,1766445057000
sensor_01,600.0,7.44,1766445057000,1766445058000
sensor_01,421.0,10.08,1766445058000,1766445059000
sensor_01,821.0,24.43,1766445060000,1766445061000
sensor_01,825.0,10.37,1766445061000,1766445062000
sensor_01,733.0,33.07,1766445062000,1766445063000
sensor_01,793.0,37.52,1766445063000,1766445064000
sensor_01,761.0,29.06,1766445064000,1766445065000
sensor_01,670.0,40.93,1766445065000,1766445066000
sensor_01,543.0,8.51,1766445067000,1766445068000
sensor_01,773.0,32.6,1766445068000,1766445069000
sensor_01,629.0,13.45,1766445069000,1766445070000
sensor_01,571.0,12.09,1766445070000,1766445071000
sensor_01,388.0,7.31,1766445072000,1766445073000
sensor_01,537.0,27.22,1766445073000,1766445074000
sensor_01,535.0,6.38,1766445074000,1766445075000
sensor_01,530.0,32.03,1766445075000,1766445076000
sensor_01,877.0,15.08,1766445076000,1766445077000
sensor_01,493.0,11.8,1766445078000,1766445079000
sensor_01,708.0,24.78,1766445079000,1766445080000
sensor_01,891.0,31.32,1766445080000,1766445081000
sensor_01,409.0,15.59,1766445081000,1766445082000
sensor_01,712.0,23.28,1766445082000,1766445083000
sensor_01,552.0,22.0,1766445084000,1766445085000
sensor_01,486.0,41.64,1766445085000,1766445086000
sensor_01,867.0,42.5,1766445086000,1766445087000
sensor_01,556.0,43.37,1766445087000,1766445088000
sensor_01,867.0,16.87,1766445088000,1766445089000
sensor_01,698.0,17.21,1766445090000,1766445091000
sensor_01,606.0,39.58,1766445091000,1766445092000
sensor_01,793.0,21.56,1766445092000,1766445093000
sensor_01,692.0,43.84,1766445093000,1766445094000
sensor_01,598.0,9.42,1766445094000,1766445095000
sensor_01,738.0,14.99,1766445096000,1766445097000
sensor_01,395.0,6.83,1766445097000,1766445098000
sensor_01,473.0,40.2,1766445098000,1766445099000
sensor_01,435.0,15.45,1766445099000,1766445100000
sensor_01,521.0,32.24,1766445100000,1766445101000
sensor_01,418.0,27.0,1766445101000,1766445102000
sensor_01,496.0,30.48,1766445103000,1766445104000
sensor_01,555.0,8.23,1766445104000,1766445105000
sensor_01,468.0,43.71,1766445105000,1766445106000
sensor_01,632.0,24.8,1766445106000,1766445107000
sensor_01,695.0,30.78,1766445107000,1766445108000
sensor_01,586.0,38.0,1766445109000,1766445110000
sensor_01,747.0,27.61,1766445110000,1766445111000
sensor_01,369.0,41.98,1766445111000,1766445112000
sensor_01,712.0,13.95,1766445113000,1766445114000
sensor_01,742.0,5.48,1766445114000,1766445115000
sensor_01,659.0,34.28,1766445115000,1766445116000
sensor_01,683.0,34.34,1766445117000,1766445118000
sensor_01,509.0,43.08,1766445118000,1766445119000
sensor_01,856.0,42.76,1766445119000,1766445120000
sensor_01,696.0,17.22,1766445120000,1766445121000
sensor_01,590.0,15.3,1766445121000,1766445122000
sensor_01,729.0,36.55,1766445123000,1766445124000
sensor_01,797.0,18.87,1766445124000,1766445125000
sensor_01,844.0,31.58,1766445125000,1766445126000
sensor_01,813.0,34.06,1766445126000,1766445127000
sensor_01,852.0,5.76,1766445128000,1766445129000
sensor_01,738.0,23.72,1766445129000,1766445130000
sensor_01,796.0,18.83,1766445130000,1766445131000
sensor_01,350.0,22.29,1766445131000,1766445132000
sensor_01,888.0,38.83,1766445132000,1766445133000
sensor_01,805.0,29.7,1766445133000,1766445134000
sensor_01,445.0,7.96,1766445135000,1766445136000
sensor_01,870.0,17.65,1766445136000,1766445137000
sensor_01,636.0,19.54,1766445137000,1766445138000
sensor_01,870.0,28.82,1766445138000,1766445139000
sensor_01,818.0,41.8,1766445139000,1766445140000
sensor_01,628.0,24.52,1766445141000,1766445142000
sensor_01,506.0,29.0,1766445142000,1766445143000
sensor_01,788.0,18.52,1766445143000,1766445144000
sensor_01,386.0,24.02,1766445144000,1766445145000
sensor_01,851.0,6.43,1766445145000,1766445146000
sensor_01,477.0,5.19,1766445147000,1766445148000
sensor_01,783.0,15.37,1766445148000,1766445149000
sensor_01,819.0,41.63,1766445149000,1766445150000
sensor_01,414.0,6.06,1766445150000,1766445151000
sensor_01,421.0,44.48,1766445151000,1766445152000
sensor_01,581.0,8.51,1766445153000,1766445154000
sensor_01,382.0,11.74,1766445154000,1766445155000
sensor_01,611.0,27.57,1766445155000,1766445156000
sensor_01,546.0,22.35,1766445156000,1766445157000
sensor_01,830.0,12.67,1766445158000,1766445159000
sensor_01,526.0,32.25,1766445159000,1766445160000
sensor_01,838.0,24.14,1766445160000,1766445161000
sensor_01,867.0,32.83,1766445161000,1766445162000
sensor_01,521.0,12.23,1766445163000,1766445164000
sensor_01,668.0,37.5,1766445164000,1766445165000
sensor_01,887.0,39.04,1766445165000,1766445166000
sensor_01,419.0,39.05,1766445166000,1766445167000
sensor_01,523.0,41.42,1766445167000,1766445168000
sensor_01,837.0,8.34,1766445169000,1766445170000
sensor_01,588.0,22.39,1766445170000,1766445171000
sensor_01,456.0,13.18,1766445171000,1766445172000
sensor_01,605.0,43.22,1766445172000,1766445173000
sensor_01,633.0,21.84,1766445174000,1766445175000
sensor_01,405.0,8.2,1766445175000,1766445176000
sensor_01,508.0,10.97,1766445176000,1766445177000
sensor_01,843.0,37.89,1766445177000,1766445178000
sensor_01,624.0,10.03,1766445179000,1766445180000
sensor_01,372.0,10.73,1766445180000,1766445181000
sensor_01,505.0,24.16,1766445181000,1766445182000
sensor_01,883.0,10.53,1766445182000,1766445183000
sensor_01,678.0,30.64,1766445183000,1766445184000
sensor_01,452.0,24.26,1766445184000,1766445185000
sensor_industrial_01,705.76,29.13,1766587383000,1766587384000
sensor_industrial_01,719.67,26.24,1766587384000,1766587385000
sensor_industrial_01,734.24,27.85,1766587385000,1766587386000
sensor_industrial_01,751.59,26.81,1766587386000,1766587387000
sensor_industrial_01,760.69,24.13,1766587387000,1766587388000
sensor_industrial_01,772.25,24.41,1766587388000,1766587389000
sensor_industrial_01,787.65,24.91,1766587389000,1766587390000
sensor_industrial_01,787.37,21.85,1766587390000,1766587391000
sensor_industrial_01,799.34,23.26,1766587391000,1766587392000
sensor_industrial_01,797.55,19.42,1766587392000,1766587393000
sensor_industrial_01,804.88,19.52,1766587393000,1766587394000
sensor_industrial_01,797.56,18.52,1766587394000,1766587395000
sensor_industrial_01,791.66,16.85,1766587395000,1766587396000
sensor_industrial_01,792.37,19.05,1766587396000,1766587397000
sensor_industrial_01,782.02,14.74,1766587397000,1766587398000
sensor_industrial_01,772.87,16.1,1766587398000,1766587399000
sensor_industrial_01,766.74,13.48,1766587399000,1766587400000
sensor_industrial_01,751.35,14.61,1766587400000,1766587401000
sensor_industrial_01,744.24,11.58,1766587401000,1766587402000
sensor_industrial_01,727.75,14.11,1766587402000,1766587403000
sensor_industrial_01,704.82,11.28,1766587403000,1766587404000
sensor_industrial_01,686.67,13.02,1766587404000,1766587405000
sensor_industrial_01,677.73,10.85,1766587405000,1766587406000
sensor_industrial_01,652.39,11.9,1766587406000,1766587407000
sensor_industrial_01,637.17,11.38,1766587407000,1766587408000
sensor_industrial_01,618.03,11.49,1766587408000,1766587409000
sensor_industrial_01,597.3,10.49,1766587409000,1766587410000
sensor_industrial_01,578.29,11.16,1766587410000,1766587411000
sensor_industrial_01,550.31,10.64,1766587411000,1766587412000
sensor_industrial_01,534.6,10.88,1766587412000,1766587413000
sensor_industrial_01,518.93,12.73,1766587413000,1766587414000
sensor_industrial_01,497.02,10.29,1766587414000,1766587415000
sensor_industrial_01,486.75,10.04,1766587415000,1766587416000
sensor_industrial_01,466.35,11.1,1766587416000,1766587417000
sensor_industrial_01,452.62,13.68,1766587417000,1766587418000
sensor_industrial_01,440.76,13.79,1766587418000,1766587419000
sensor_industrial_01,431.45,16.56,1766587419000,1766587420000
sensor_industrial_01,414.38,16.81,1766587420000,1766587421000
sensor_industrial_01,415.45,14.88,1766587421000,1766587422000
sensor_industrial_01,405.64,15.95,1766587422000,1766587423000
sensor_industrial_01,400.17,18.69,1766587423000,1766587424000
sensor_industrial_01,401.84,20.87,1766587424000,1766587425000
sensor_industrial_01,405.25,20.11,1766587425000,1766587426000
sensor_industrial_01,405.68,21.65,1766587426000,1766587427000
sensor_industrial_01,409.33,24.5,1766587427000,1766587428000
sensor_industrial_01,409.74,24.27,1766587428000,1766587429000
sensor_industrial_01,424.06,23.54,1766587429000,1766587430000
sensor_industrial_01,428.58,26.56,1766587430000,1766587431000
sensor_industrial_01,442.99,27.58,1766587431000,1766587432000
sensor_industrial_01,456.57,27.18,1766587432000,1766587433000
sensor_industrial_01,471.0,27.51,1766587433000,1766587434000
sensor_industrial_01,483.01,27.9,1766587434000,1766587435000
sensor_industrial_01,506.59,27.37,1766587435000,1766587436000
sensor_industrial_01,518.67,29.71,1766587436000,1766587437000
sensor_industrial_01,537.83,30.04,1766587437000,1766587438000
sensor_industrial_01,560.56,28.94,1766587438000,1766587439000
sensor_industrial_01,581.36,29.07,1766587439000,1766587440000
sensor_industrial_01,593.3,31.09,1766587440000,1766587441000
sensor_industrial_01,618.65,27.98,1766587441000,1766587442000
sensor_industrial_01,634.3,31.55,1766587442000,1766587443000
sensor_industrial_01,656.83,28.22,1766587443000,1766587444000
sensor_industrial_01,670.76,30.79,1766587444000,1766587445000
sensor_industrial_01,697.46,27.9,1766587445000,1766587446000
sensor_industrial_01,712.39,26.8,1766587446000,1766587447000
sensor_industrial_01,729.6,27.25,1766587447000,1766587448000
sensor_industrial_01,736.75,28.38,1766587448000,1766587449000
sensor_industrial_01,756.94,27.85,1766587449000,1766587450000
sensor_industrial_01,771.08,26.32,1766587450000,1766587451000
sensor_industrial_01,776.36,24.65,1766587451000,1766587452000
sensor_industrial_01,789.8,25.13,1766587452000,1766587453000
sensor_industrial_01,793.53,24.11,1766587453000,1766587454000
sensor_industrial_01,796.93,21.49,1766587454000,1766587455000
sensor_industrial_01,802.12,22.03,1766587455000,1766587456000
sensor_industrial_01,801.15,18.33,1766587456000,1766587457000
sensor_industrial_01,802.79,17.54,1766587457000,1766587458000
sensor_industrial_01,798.75,17.13,1766587458000,1766587459000
sensor_industrial_01,791.36,15.21,1766587459000,1766587460000
sensor_industrial_01,784.19,14.85,1766587460000,1766587461000
sensor_industrial_01,775.21,16.56,1766587461000,1766587462000
sensor_industrial_01,767.44,14.68,1766587462000,1766587463000
sensor_industrial_01,751.84,13.77,1766587463000,1766587464000
sensor_industrial_01,738.09,14.52,1766587464000,1766587465000
sensor_industrial_01,726.95,13.32,1766587465000,1766587466000
sensor_industrial_01,705.29,11.56,1766587466000,1766587467000
sensor_industrial_01,690.47,10.62,1766587467000,1766587468000
sensor_industrial_01,666.19,9.2,1766587468000,1766587469000
sensor_industrial_01,647.31,9.51,1766587469000,1766587470000
sensor_industrial_01,630.23,11.6,1766587470000,1766587471000
sensor_industrial_01,614.64,11.78,1766587471000,1766587472000
sensor_industrial_01,586.88,8.44,1766587472000,1766587473000
sensor_industrial_01,568.54,9.93,1766587473000,1766587474000
sensor_industrial_01,553.71,11.67,1766587474000,1766587475000
sensor_industrial_01,531.98,10.04,1766587475000,1766587476000
sensor_industrial_01,512.24,10.21,1766587476000,1766587477000
sensor_industrial_01,499.54,12.27,1766587477000,1766587478000
sensor_industrial_01,481.47,10.93,1766587478000,1766587479000
sensor_industrial_01,469.09,13.54,1766587479000,1766587480000
sensor_industrial_01,445.68,14.38,1766587480000,1766587481000
sensor_industrial_01,437.19,13.85,1766587481000,1766587482000
sensor_industrial_01,424.32,13.31,1766587482000,1766587483000
sensor_industrial_01,418.35,14.27,1766587483000,1766587484000
sensor_industrial_01,406.68,15.72,1766587484000,1766587485000
sensor_industrial_01,407.83,19.06,1766587485000,1766587486000
sensor_industrial_01,401.06,17.26,1766587486000,1766587487000
sensor_industrial_01,403.81,18.79,1766587487000,1766587488000
sensor_industrial_01,396.13,21.83,1766587488000,1766587489000
sensor_industrial_01,401.59,23.1,1766587489000,1766587490000
sensor_industrial_01,409.42,21.09,1766587490000,1766587491000
sensor_industrial_01,417.43,25.33,1766587491000,1766587492000
sensor_industrial_01,425.64,23.66,1766587492000,1766587493000
sensor_industrial_01,436.19,24.18,1766587493000,1766587494000
sensor_industrial_01,440.64,27.67,1766587494000,1766587495000
sensor_industrial_01,452.51,27.37,1766587495000,1766587496000
sensor_industrial_01,471.09,27.24,1766587496000,1766587497000
sensor_industrial_01,485.44,29.59,1766587497000,1766587498000
sensor_industrial_01,507.15,29.96,1766587498000,1766587499000
sensor_industrial_01,526.53,30.16,1766587499000,1766587500000
sensor_industrial_01,542.15,30.79,1766587500000,1766587501000
sensor_industrial_01,563.03,30.51,1766587501000,1766587502000
sensor_industrial_01,578.29,29.93,1766587502000,1766587503000
sensor_industrial_01,600.17,29.78,1766587503000,1766587504000
sensor_industrial_01,622.85,28.83,1766587504000,1766587505000
sensor_industrial_01,644.99,31.12,1766587505000,1766587506000
sensor_industrial_01,663.65,30.28,1766587506000,1766587507000
sensor_industrial_01,677.9,29.68,1766587507000,1766587508000
sensor_industrial_01,696.93,28.49,1766587508000,1766587509000
sensor_industrial_01,711.59,26.69,1766587509000,1766587510000
sensor_industrial_01,734.1,27.09,1766587510000,1766587511000
sensor_industrial_01,741.71,28.48,1766587511000,1766587512000
sensor_industrial_01,752.27,24.88,1766587512000,1766587513000
sensor_industrial_01,770.42,23.48,1766587513000,1766587514000
sensor_industrial_01,778.08,23.52,1766587514000,1766587515000
sensor_industrial_01,788.75,21.99,1766587515000,1766587516000
sensor_industrial_01,636.54,8.38,1766588101000,1766588102000
sensor_industrial_01,614.95,9.9,1766588102000,1766588103000
sensor_industrial_01,597.03,9.71,1766588103000,1766588104000
sensor_industrial_01,573.46,11.78,1766588104000,1766588105000
sensor_industrial_01,559.94,10.01,1766588105000,1766588106000
sensor_industrial_01,542.15,10.19,1766588106000,1766588107000
sensor_industrial_01,519.27,11.46,1766588107000,1766588108000
sensor_industrial_01,502.96,10.83,1766588108000,1766588109000
sensor_industrial_01,488.7,10.83,1766588110000,1766588111000
sensor_industrial_01,467.68,11.07,1766588111000,1766588112000
sensor_industrial_01,458.03,13.84,1766588112000,1766588113000
sensor_industrial_01,443.67,12.23,1766588113000,1766588114000
sensor_industrial_01,429.33,15.13,1766588114000,1766588115000
sensor_industrial_01,420.59,14.56,1766588115000,1766588116000
sensor_industrial_01,415.87,15.16,1766588116000,1766588117000
sensor_industrial_01,407.12,17.21,1766588118000,1766588119000
sensor_industrial_01,405.19,20.42,1766588119000,1766588120000
sensor_industrial_01,399.43,18.97,1766588120000,1766588121000
sensor_industrial_01,395.81,22.19,1766588121000,1766588122000
sensor_industrial_01,402.03,20.6,1766588122000,1766588123000
sensor_industrial_01,403.07,24.27,1766588123000,1766588124000
sensor_industrial_01,407.39,22.07,1766588124000,1766588125000
sensor_industrial_01,417.01,23.51,1766588125000,1766588126000
sensor_industrial_01,432.88,26.9,1766588126000,1766588127000
sensor_industrial_01,434.85,26.93,1766588127000,1766588128000
sensor_industrial_01,456.47,27.28,1766588128000,1766588129000
sensor_industrial_01,465.65,27.31,1766588129000,1766588130000
sensor_industrial_01,484.28,27.92,1766588130000,1766588131000
sensor_industrial_01,499.9,30.22,1766588131000,1766588132000
sensor_industrial_01,520.88,30.83,1766588132000,1766588133000
sensor_industrial_01,539.7,27.47,1766588133000,1766588134000
sensor_industrial_01,551.94,29.45,1766588134000,1766588135000
sensor_industrial_01,572.76,29.99,1766588135000,1766588136000
sensor_industrial_01,598.21,28.43,1766588136000,1766588137000
